Assembly_accession	AMR_gene	Contig	Start_bp	Stop_bp	Flanking_classification	N_IS_pairs	IS_families_detected	N_IS6_pairs	N_composite_pairs	Strand_orientations
GCA_052975705.1	IMP-4	CP167669.1	5910	6651	COMPOSITE_TRANSPOSON	8	IS1; IS6; ISKra4; IS_unknown; Tn3	3	8	opposite; same
GCF_002811335.3	IMP-4	CP025964.2	125723	126464	COMPOSITE_TRANSPOSON	19	IS110; IS1380; IS3; IS30; IS4; IS481; IS5; IS6; IS630; IS_unknown; Tn3	1	19	opposite; same
GCF_020294905.1	IMP-4	JAIXGI010000013.1	19431	20172	COMPOSITE_TRANSPOSON	6	IS110; IS30; IS5; IS91; Tn3	0	6	opposite; same
GCA_034553075.1	KPC	CP071162.1	52477	53359	COMPOSITE_TRANSPOSON	22	IS1; IS110; IS1182; IS481; IS5; IS6; IS_unknown; Tn3	9	22	opposite; same
GCF_003261955.3	KPC-12	CP033394.2	59766	60648	COMPOSITE_TRANSPOSON	21	IS1; IS110; IS1182; IS481; IS5; IS6; IS_unknown; Tn3	9	21	opposite; same
GCF_003261955.3	KPC-12	CP033395.2	37352	38234	COMPOSITE_TRANSPOSON	8	IS1; IS110; IS1182; IS481; IS6; IS_unknown; Tn3	2	8	opposite; same
GCF_004322795.1	KPC-12	CP036366.1	59766	60648	COMPOSITE_TRANSPOSON	21	IS1; IS110; IS1182; IS1380; IS481; IS5; IS6; IS_unknown; Tn3	9	21	opposite; same
GCF_004322795.1	KPC-12	CP036367.1	44069	44951	COMPOSITE_TRANSPOSON	8	IS1; IS110; IS1182; IS481; IS5; IS6; Tn3	2	8	opposite; same
GCA_015318225.2	KPC-2	CP064852.1	84121	85003	COMPOSITE_TRANSPOSON	6	IS1182; IS481; IS_unknown; Tn3	0	6	opposite; same
GCA_018140695.1	KPC-2	CP073288.1	122409	123291	COMPOSITE_TRANSPOSON	11	IS1182; IS481; IS6; IS_unknown; Tn3	5	11	opposite; same
GCA_021312515.1	KPC-2	CP089954.1	7245	8127	COMPOSITE_TRANSPOSON	29	IS1; IS110; IS1182; IS481; IS5; IS6; IS_unknown; Tn3	11	29	opposite; same
GCA_021312515.1	KPC-2	CP089954.1	14762	15644	COMPOSITE_TRANSPOSON	29	IS1; IS110; IS1182; IS481; IS5; IS6; IS_unknown; Tn3	11	29	opposite; same
GCA_022559085.1	KPC-2	CP043366.1	7245	8127	COMPOSITE_TRANSPOSON	25	IS1; IS110; IS1182; IS1380; IS481; IS5; IS6; IS91; IS_unknown; Tn3	9	25	opposite; same
GCA_022559105.1	KPC-2	CP043370.1	7245	8127	COMPOSITE_TRANSPOSON	25	IS1; IS110; IS1182; IS1380; IS481; IS5; IS6; IS91; IS_unknown; Tn3	9	25	opposite; same
GCA_022559125.1	KPC-2	CP043374.1	50696	51578	COMPOSITE_TRANSPOSON	17	IS1182; IS3; IS481; IS5; IS6; ISKra4; ISL3; ISNCY; IS_unknown; Tn3	2	17	opposite; same
GCA_022649725.1	KPC-2	CP043603.1	7245	8127	COMPOSITE_TRANSPOSON	25	IS1; IS110; IS1182; IS1380; IS481; IS5; IS6; IS91; IS_unknown; Tn3	9	25	opposite; same
GCA_028472545.1	KPC-2	CP046886.1	6417	7299	COMPOSITE_TRANSPOSON	22	IS1; IS110; IS1182; IS1380; IS481; IS5; IS6; IS91; IS_unknown; Tn3	8	22	opposite; same
GCA_028472745.1	KPC-2	CP046896.1	3840	4722	COMPOSITE_TRANSPOSON	7	IS1182; IS481; IS6; ISL3; Tn3	2	7	opposite; same
GCA_028472765.1	KPC-2	CP046968.1	11756	12638	COMPOSITE_TRANSPOSON	23	IS1; IS110; IS1182; IS1380; IS481; IS5; IS6; IS_unknown; Tn3	8	23	opposite; same
GCA_033155075.1	KPC-2	CP137011.1	126431	127313	COMPOSITE_TRANSPOSON	25	IS1; IS110; IS1182; IS1380; IS481; IS5; IS6; IS_unknown; Tn3	9	25	opposite; same
GCA_052975325.1	KPC-2	CP167369.1	10642	11524	COMPOSITE_TRANSPOSON	24	IS1; IS110; IS1182; IS1380; IS481; IS5; IS6; IS_unknown; Tn3	10	24	opposite; same
GCA_052975335.1	KPC-2	CP167372.1	82223	83105	COMPOSITE_TRANSPOSON	24	IS1; IS110; IS1182; IS1380; IS481; IS5; IS6; IS_unknown; Tn3	10	24	opposite; same
GCA_052975345.1	KPC-2	CP167375.1	37207	38089	COMPOSITE_TRANSPOSON	18	IS1; IS110; IS1182; IS481; IS6; IS_unknown; Tn3	8	18	opposite; same
GCA_052975355.1	KPC-2	CP167379.1	21471	22353	COMPOSITE_TRANSPOSON	24	IS1; IS110; IS1182; IS481; IS6; IS91; IS_unknown; Tn3	11	24	opposite; same
GCA_052975695.1	KPC-2	CP167654.1	22636	23518	COMPOSITE_TRANSPOSON	15	IS1; IS1182; IS1380; IS481; IS5; IS6; IS_unknown; Tn3	6	15	opposite; same
GCA_052975795.1	KPC-2	CP167605.1	19490	20372	COMPOSITE_TRANSPOSON	42	IS1; IS1182; IS1380; IS21; IS3; IS481; IS5; IS6; IS66; IS91; IS_unknown; Tn3	10	42	opposite; same
GCA_052975815.1	KPC-2	CP167617.1	46074	46956	COMPOSITE_TRANSPOSON	16	IS1; IS110; IS1182; IS481; IS6; IS_unknown	6	16	opposite; same
GCA_053076605.1	KPC-2	CP167260.1	63775	64657	COMPOSITE_TRANSPOSON	21	IS1; IS1182; IS1380; IS481; IS5; IS6; IS_unknown; Tn3	9	21	opposite; same
GCA_053076615.1	KPC-2	CP167334.1	29465	30347	COMPOSITE_TRANSPOSON	10	IS1; IS110; IS1182; IS481; IS6; IS_unknown	2	10	opposite; same
GCA_053076635.1	KPC-2	CP167383.1	101650	102532	COMPOSITE_TRANSPOSON	45	IS1; IS110; IS1182; IS1380; IS3; IS481; IS5; IS6; IS630; ISKra4; IS_unknown; Tn3	12	45	opposite; same
GCA_053076665.1	KPC-2	CP167465.1	51136	52018	COMPOSITE_TRANSPOSON	30	IS1; IS110; IS1182; IS1380; IS481; IS5; IS6; IS_unknown; Tn3	11	30	opposite; same
GCA_053076675.1	KPC-2	CP167470.1	106517	107399	COMPOSITE_TRANSPOSON	26	IS1; IS110; IS1182; IS1380; IS481; IS5; IS6; IS_unknown; Tn3	11	26	opposite; same
GCA_053076685.1	KPC-2	CP167477.1	6919	7801	COMPOSITE_TRANSPOSON	20	IS1; IS110; IS1182; IS1380; IS481; IS5; IS6; IS_unknown; Tn3	8	20	opposite; same
GCA_053076695.1	KPC-2	CP167482.1	45593	46475	COMPOSITE_TRANSPOSON	21	IS1; IS110; IS1182; IS1380; IS481; IS5; IS6; IS_unknown; Tn3	9	21	opposite; same
GCA_053077055.1	KPC-2	CP167685.1	63907	64789	COMPOSITE_TRANSPOSON	16	IS1; IS1182; IS1380; IS481; IS5; IS6; IS_unknown; Tn3	7	16	opposite; same
GCA_053077075.1	KPC-2	CP167691.1	47674	48556	COMPOSITE_TRANSPOSON	16	IS1; IS1182; IS1380; IS481; IS5; IS6; IS_unknown; Tn3	7	16	opposite; same
GCA_053077725.1	KPC-2	CP167707.1	65812	66694	COMPOSITE_TRANSPOSON	24	IS1; IS110; IS1182; IS1380; IS481; IS5; IS6; IS_unknown; Tn3	9	24	opposite; same
GCA_053077735.1	KPC-2	CP167658.1	37936	38818	COMPOSITE_TRANSPOSON	25	IS1; IS110; IS1182; IS1380; IS481; IS5; IS6; IS_unknown; Tn3	11	25	opposite; same
GCA_053078145.1	KPC-2	CP167599.1	51776	52658	COMPOSITE_TRANSPOSON	10	IS1; IS1182; IS1380; IS481; IS5; IS6; Tn3	4	10	opposite; same
GCA_053078165.1	KPC-2	CP167612.1	84754	85636	COMPOSITE_TRANSPOSON	12	IS1; IS110; IS1182; IS481; IS6; IS_unknown; Tn3	2	12	opposite; same
GCA_053078285.1	KPC-2	CP167623.1	32081	32963	COMPOSITE_TRANSPOSON	26	IS1; IS110; IS1182; IS1380; IS481; IS5; IS6; IS_unknown; Tn3	11	26	opposite; same
GCA_053078295.1	KPC-2	CP167629.1	9586	10468	COMPOSITE_TRANSPOSON	4	IS1182; IS481; ISKra4; Tn3	0	4	opposite; same
GCA_053165855.1	KPC-2	CP167275.1	66735	67617	COMPOSITE_TRANSPOSON	22	IS1; IS1182; IS1380; IS481; IS5; IS6; IS_unknown; Tn3	10	22	opposite; same
GCF_001887985.4	KPC-2	CP026584.1	6417	7299	COMPOSITE_TRANSPOSON	24	IS1; IS110; IS1182; IS1380; IS481; IS5; IS6; IS91; IS_unknown; Tn3	9	24	opposite; same
GCF_002164695.2	KPC-2	CP043349.1	130492	131374	COMPOSITE_TRANSPOSON	15	IS1182; IS481; IS6; IS_unknown; Tn3	7	15	opposite; same
GCF_002164835.4	KPC-2	CP028541.2	75182	76064	COMPOSITE_TRANSPOSON	34	IS1; IS110; IS1182; IS1380; IS481; IS5; IS6; IS91; IS_unknown; Tn3	13	34	opposite; same
GCF_002164835.4	KPC-2	CP028541.2	79928	80810	COMPOSITE_TRANSPOSON	34	IS1; IS110; IS1182; IS1380; IS481; IS5; IS6; IS91; IS_unknown; Tn3	13	34	opposite; same
GCF_002164835.4	KPC-2	CP028541.2	84674	85556	COMPOSITE_TRANSPOSON	34	IS1; IS110; IS1182; IS1380; IS481; IS5; IS6; IS91; IS_unknown; Tn3	13	34	opposite; same
GCF_002164855.2	KPC-2	CP031720.1	92111	92993	COMPOSITE_TRANSPOSON	24	IS1; IS110; IS1182; IS1380; IS481; IS5; IS6; IS91; IS_unknown; Tn3	8	24	opposite; same
GCF_002257765.2	KPC-2	CP036362.1	66010	66892	COMPOSITE_TRANSPOSON	25	IS1; IS110; IS1182; IS1380; IS481; IS5; IS6; IS91; IS_unknown; Tn3	8	25	opposite; same
GCF_002257935.4	KPC-2	CP028389.3	141880	142762	COMPOSITE_TRANSPOSON	19	IS110; IS1182; IS256; IS481; IS5; IS6; IS91; ISKra4; IS_unknown; Tn3	8	19	opposite; same
GCF_002258005.2	KPC-2	CP043363.1	125013	125895	COMPOSITE_TRANSPOSON	21	IS1; IS110; IS1182; IS3; IS481; IS6; IS66; IS_unknown; Tn3	2	21	opposite; same
GCF_002258015.3	KPC-2	NBXR03000002.1	106232	107114	COMPOSITE_TRANSPOSON	31	IS1; IS110; IS1182; IS1380; IS481; IS5; IS6; IS91; IS_unknown; Tn3	13	31	opposite; same
GCF_002258055.3	KPC-2	CP028805.1	125014	125896	COMPOSITE_TRANSPOSON	21	IS1; IS110; IS1182; IS3; IS481; IS6; IS66; IS_unknown; Tn3	2	21	opposite; same
GCF_002258105.2	KPC-2	CP043379.1	16294	17176	COMPOSITE_TRANSPOSON	4	IS1182; IS481; ISKra4	0	4	opposite; same
GCF_002258145.4	KPC-2	CP027067.1	51738	52620	COMPOSITE_TRANSPOSON	30	IS1; IS110; IS1182; IS1380; IS481; IS5; IS6; IS91; IS_unknown; Tn3	13	30	opposite; same
GCF_002811305.2	KPC-2	CP036372.1	75182	76064	COMPOSITE_TRANSPOSON	31	IS1; IS110; IS1182; IS1380; IS481; IS5; IS6; IS91; IS_unknown; Tn3	12	31	opposite; same
GCF_002811305.2	KPC-2	CP036372.1	79928	80810	COMPOSITE_TRANSPOSON	31	IS1; IS110; IS1182; IS1380; IS481; IS5; IS6; IS91; IS_unknown; Tn3	12	31	opposite; same
GCF_002811325.3	KPC-2	CP028582.2	102285	103167	COMPOSITE_TRANSPOSON	31	IS1; IS110; IS1182; IS1380; IS481; IS5; IS6; IS91; IS_unknown; Tn3	11	31	opposite; same
GCF_002811425.2	KPC-2	CP045990.1	29728	30610	COMPOSITE_TRANSPOSON	16	IS1182; IS481; IS6; IS_unknown; Tn3	9	16	opposite; same
GCF_002852365.2	KPC-2	CP036301.1	7245	8127	COMPOSITE_TRANSPOSON	24	IS1; IS110; IS1182; IS1380; IS481; IS5; IS6; IS91; IS_unknown; Tn3	9	24	opposite; same
GCF_002852675.2	KPC-2	CP046963.1	6417	7299	COMPOSITE_TRANSPOSON	22	IS1; IS110; IS1182; IS1380; IS481; IS5; IS6; IS91; IS_unknown; Tn3	8	22	opposite; same
GCF_002852785.2	KPC-2	CP043358.1	7245	8127	COMPOSITE_TRANSPOSON	24	IS1; IS110; IS1182; IS481; IS5; IS6; IS_unknown; Tn3	9	24	opposite; same
GCF_002852975.3	KPC-2	CP029381.1	82062	82944	COMPOSITE_TRANSPOSON	26	IS1; IS110; IS1182; IS1380; IS481; IS5; IS6; IS91; IS_unknown; Tn3	10	26	opposite; same
GCF_002853435.3	KPC-2	CP028547.2	23746	24628	COMPOSITE_TRANSPOSON	20	IS1; IS110; IS1182; IS5; IS6; IS91; IS_unknown; Tn3	10	20	opposite; same
GCF_002894385.2	KPC-2	CP043345.1	51738	52620	COMPOSITE_TRANSPOSON	33	IS1; IS110; IS1182; IS1380; IS481; IS5; IS6; IS91; IS_unknown; Tn3	14	33	opposite; same
GCF_003037005.2	KPC-2	CP036306.1	21509	22391	COMPOSITE_TRANSPOSON	31	IS1; IS110; IS1182; IS1380; IS481; IS5; IS6; IS91; IS_unknown; Tn3	12	31	opposite; same
GCF_003037325.3	KPC-2	CP028796.1	52509	53391	COMPOSITE_TRANSPOSON	22	IS1; IS110; IS1182; IS1380; IS481; IS5; IS6; IS91; IS_unknown; Tn3	8	22	opposite; same
GCF_003038035.2	KPC-2	CP046958.1	18449	19331	COMPOSITE_TRANSPOSON	20	IS1; IS110; IS1182; IS1380; IS481; IS5; IS6; IS_unknown; Tn3	9	20	opposite; same
GCF_003038135.2	KPC-2	CP043354.1	58322	59204	COMPOSITE_TRANSPOSON	19	IS1; IS110; IS1182; IS481; IS5; IS6; IS_unknown; Tn3	8	19	opposite; same
GCF_003038215.3	KPC-2	CP028790.2	51134	52016	COMPOSITE_TRANSPOSON	23	IS1; IS110; IS1182; IS1380; IS481; IS5; IS6; IS91; IS_unknown; Tn3	10	23	opposite; same
GCF_003711065.1	KPC-2	CP033404.1	6417	7299	COMPOSITE_TRANSPOSON	24	IS1; IS110; IS1182; IS1380; IS481; IS5; IS6; IS91; IS_unknown; Tn3	8	24	opposite; same
GCF_008630315.1	KPC-2	VWRG01000072.1	3779	4661	COMPOSITE_TRANSPOSON	2	IS1182; IS481	0	2	opposite; same
GCF_008630355.1	KPC-2	VWRI01000085.1	3778	4660	COMPOSITE_TRANSPOSON	2	IS1182; IS481	0	2	opposite; same
GCF_008630475.1	KPC-2	VWRH01000074.1	1381	2263	COMPOSITE_TRANSPOSON	2	IS1182; IS481	0	2	opposite; same
GCF_008632835.1	KPC-2	VWRJ01000027.1	3779	4661	COMPOSITE_TRANSPOSON	2	IS1182; IS481	0	2	opposite; same
GCF_008632875.1	KPC-2	VWRK01000021.1	3894	4776	COMPOSITE_TRANSPOSON	3	IS1182; IS481; IS6	1	3	opposite; same
GCF_011683145.1	KPC-2	VCOR01000060.1	1332	2214	COMPOSITE_TRANSPOSON	3	IS1182; IS481; IS6	1	3	opposite; same
GCF_013348885.1	KPC-2	CP054764.1	52477	53359	COMPOSITE_TRANSPOSON	21	IS1; IS110; IS1182; IS481; IS5; IS6; IS_unknown; Tn3	9	21	opposite; same
GCF_013348905.1	KPC-2	CP054722.1	52477	53359	COMPOSITE_TRANSPOSON	21	IS1; IS110; IS1182; IS481; IS5; IS6; IS_unknown; Tn3	9	21	opposite; same
GCF_013348925.1	KPC-2	CP054758.1	41882	42764	COMPOSITE_TRANSPOSON	15	IS1; IS110; IS1182; IS481; IS5; IS6; IS_unknown; Tn3	6	15	opposite; same
GCF_013348945.1	KPC-2	CP054734.1	41882	42764	COMPOSITE_TRANSPOSON	15	IS1; IS110; IS1182; IS481; IS5; IS6; IS_unknown; Tn3	6	15	opposite; same
GCF_013348965.1	KPC-2	CP054728.1	52477	53359	COMPOSITE_TRANSPOSON	21	IS1; IS110; IS1182; IS481; IS5; IS6; IS_unknown; Tn3	9	21	opposite; same
GCF_013348985.1	KPC-2	CP054740.1	41882	42764	COMPOSITE_TRANSPOSON	15	IS1; IS110; IS1182; IS481; IS5; IS6; IS_unknown; Tn3	6	15	opposite; same
GCF_013349005.1	KPC-2	CP054746.1	52477	53359	COMPOSITE_TRANSPOSON	21	IS1; IS110; IS1182; IS481; IS5; IS6; IS_unknown; Tn3	9	21	opposite; same
GCF_013349025.1	KPC-2	CP054752.1	52477	53359	COMPOSITE_TRANSPOSON	21	IS1; IS110; IS1182; IS481; IS5; IS6; IS_unknown; Tn3	9	21	opposite; same
GCF_013349045.1	KPC-2	CP054770.1	52477	53359	COMPOSITE_TRANSPOSON	21	IS1; IS110; IS1182; IS481; IS5; IS6; IS_unknown; Tn3	9	21	opposite; same
GCF_013349065.1	KPC-2	CP054776.1	52477	53359	COMPOSITE_TRANSPOSON	21	IS1; IS110; IS1182; IS481; IS5; IS6; IS_unknown; Tn3	9	21	opposite; same
GCF_013349085.1	KPC-2	CP054782.1	52476	53358	COMPOSITE_TRANSPOSON	21	IS1; IS110; IS1182; IS481; IS5; IS6; IS_unknown; Tn3	9	21	opposite; same
GCF_014041505.2	KPC-2	CP066536.1	7245	8127	COMPOSITE_TRANSPOSON	24	IS1; IS110; IS1182; IS481; IS5; IS6; IS_unknown; Tn3	9	24	opposite; same
GCF_014041645.2	KPC-2	CP066529.1	21501	22383	COMPOSITE_TRANSPOSON	30	IS1; IS110; IS1182; IS481; IS5; IS6; IS_unknown; Tn3	12	30	opposite; same
GCF_014041735.2	KPC-2	CP066524.1	4008	4890	COMPOSITE_TRANSPOSON	21	IS1; IS110; IS1182; IS481; IS5; IS6; IS_unknown; Tn3	8	21	opposite; same
GCF_014041845.2	KPC-2	CP066518.1	21501	22383	COMPOSITE_TRANSPOSON	31	IS1; IS110; IS1182; IS481; IS5; IS6; IS_unknown; Tn3	13	31	opposite; same
GCF_014156395.1	KPC-2	RQWO01000068.1	3980	4862	COMPOSITE_TRANSPOSON	2	IS1182; IS481	0	2	opposite; same
GCF_014156515.1	KPC-2	RQWT01000056.1	3980	4862	COMPOSITE_TRANSPOSON	3	IS1182; IS481; IS6	1	3	opposite; same
GCF_016595605.1	KPC-2	JAENHY010000004.1	83898	84780	COMPOSITE_TRANSPOSON	24	IS1; IS110; IS1182; IS481; IS5; IS6; IS_unknown; Tn3	10	24	opposite; same
GCF_022982555.1	KPC-2	CP095242.1	48355	49237	COMPOSITE_TRANSPOSON	19	IS1; IS110; IS1182; IS481; IS6; IS_unknown; Tn3	9	19	opposite; same
GCF_022982575.1	KPC-2	CP095265.1	52477	53359	COMPOSITE_TRANSPOSON	21	IS1; IS110; IS1182; IS1380; IS481; IS5; IS6; IS_unknown; Tn3	9	21	opposite; same
GCF_022982595.1	KPC-2	CP095248.1	63817	64699	COMPOSITE_TRANSPOSON	37	IS1; IS110; IS1182; IS3; IS481; IS5; IS6; IS630; IS_unknown; Tn3	7	37	opposite; same
GCF_022982615.1	KPC-2	CP095261.1	3840	4722	COMPOSITE_TRANSPOSON	6	IS1182; IS481; IS6; IS_unknown	3	6	opposite; same
GCF_022982715.1	KPC-2	CP095235.1	119483	120365	COMPOSITE_TRANSPOSON	28	IS1; IS110; IS1182; IS1380; IS481; IS5; IS6; IS_unknown; Tn3	13	28	opposite; same
GCF_023572965.1	KPC-2	CP097627.1	127500	128382	COMPOSITE_TRANSPOSON	26	IS1; IS110; IS1182; IS1380; IS481; IS5; IS6; IS_unknown; Tn3	9	26	opposite; same
GCF_024159615.1	KPC-2	JAMZEY010000047.1	11058	11940	COMPOSITE_TRANSPOSON	3	IS1182; IS481; Tn3	0	3	opposite; same
GCF_024159705.1	KPC-2	JAMZFE010000040.1	6114	6996	COMPOSITE_TRANSPOSON	3	IS1182; IS481; Tn3	0	3	opposite; same
GCF_024159905.1	KPC-2	JAMZFL010000050.1	1958	2840	COMPOSITE_TRANSPOSON	3	IS1182; IS481; Tn3	0	3	opposite; same
GCF_024159985.1	KPC-2	JAMZFP010000048.1	1952	2834	COMPOSITE_TRANSPOSON	7	IS1182; IS3; IS481; IS6; IS_unknown; Tn3	1	7	opposite; same
GCF_024299245.1	KPC-2	CP092718.1	107257	108139	COMPOSITE_TRANSPOSON	20	IS1; IS1182; IS1380; IS481; IS5; IS6; IS_unknown; Tn3	8	20	opposite; same
GCF_030284485.1	KPC-2	CP127235.1	1809106	1809988	COMPOSITE_TRANSPOSON	71	IS1; IS110; IS1182; IS1380; IS3; IS481; IS5; IS6; IS_unknown; Tn3	7	71	opposite; same
GCF_030284485.1	KPC-2	CP127236.1	126426	127308	COMPOSITE_TRANSPOSON	25	IS1; IS110; IS1182; IS1380; IS481; IS5; IS6; IS_unknown; Tn3	9	25	opposite; same
GCF_030284505.1	KPC-2	CP127230.1	7245	8127	COMPOSITE_TRANSPOSON	31	IS1; IS110; IS1182; IS1380; IS481; IS5; IS6; IS_unknown; Tn3	11	31	opposite; same
GCF_030284505.1	KPC-2	CP127230.1	16835	17717	COMPOSITE_TRANSPOSON	31	IS1; IS110; IS1182; IS1380; IS481; IS5; IS6; IS_unknown; Tn3	11	31	opposite; same
GCF_031432365.1	KPC-2	JAVJNH010000060.1	1331	2213	COMPOSITE_TRANSPOSON	2	IS481; IS_unknown	0	2	opposite; same
GCF_046196535.1	KPC-2	CP176086.1	126431	127313	COMPOSITE_TRANSPOSON	26	IS1; IS110; IS1182; IS1380; IS481; IS5; IS6; IS_unknown; Tn3	9	26	opposite; same
GCF_046196575.1	KPC-2	CP176090.1	7257	8139	COMPOSITE_TRANSPOSON	26	IS1; IS110; IS1182; IS1380; IS481; IS5; IS6; IS_unknown; Tn3	9	26	opposite; same
GCF_046254915.1	KPC-2	CP176494.1	7257	8139	COMPOSITE_TRANSPOSON	26	IS1; IS110; IS1182; IS1380; IS481; IS5; IS6; IS_unknown; Tn3	9	26	opposite; same
GCF_051776295.1	KPC-2	CP196482.1	1230	2112	COMPOSITE_TRANSPOSON	23	IS1; IS110; IS1182; IS1380; IS481; IS5; IS6; IS91; IS_unknown; Tn3	8	23	opposite; same
GCF_054113345.1	KPC-2	JBSYHJ010000072.1	6121	7003	COMPOSITE_TRANSPOSON	4	IS1182; IS481; IS6; Tn3	1	4	opposite; same
GCA_037807855.1	KPC-204	CP148997.1	126426	127317	COMPOSITE_TRANSPOSON	25	IS1; IS110; IS1182; IS1380; IS481; IS5; IS6; IS_unknown; Tn3	9	25	opposite; same
GCA_028472725.1	NDM-1	CP046892.1	9649	10462	COMPOSITE_TRANSPOSON	9	IS30; IS5; IS6; IS91; ISL3; Tn3	2	9	opposite; same
GCF_001887995.2	NDM-1	CP031884.1	58274	59087	COMPOSITE_TRANSPOSON	19	IS1; IS110; IS3; IS30; IS5; IS6; IS66; IS91; ISL3; IS_unknown; Tn3	1	19	opposite; same
GCF_002258175.2	NDM-1	CP043598.1	9981	10794	COMPOSITE_TRANSPOSON	57	IS110; IS1182; IS1380; IS1634; IS200; IS3; IS5; IS6; IS630; IS91; ISL3; ISNCY; IS_unknown; Tn3	12	57	opposite; same
GCF_002811335.3	NDM-1	CP025965.2	34707	35520	COMPOSITE_TRANSPOSON	11	IS1; IS3; IS30; IS6; ISKra4; IS_unknown; Tn3	3	11	opposite; same
GCF_002852325.2	NDM-1	CP043589.1	89660	90473	COMPOSITE_TRANSPOSON	17	IS1; IS3; IS30; IS5; IS6; IS630; IS91; ISL3	1	17	opposite; same
GCF_002852995.3	NDM-1	CP028786.2	11473	12286	COMPOSITE_TRANSPOSON	9	IS30; IS5; IS6; IS91; ISL3; Tn3	2	9	opposite; same
GCF_002853475.2	NDM-1	CP037965.1	27300	28113	COMPOSITE_TRANSPOSON	9	IS30; IS5; IS6; IS91; ISL3; Tn3	2	9	opposite; same
GCF_003037185.2	NDM-1	CP043582.1	31723	32536	COMPOSITE_TRANSPOSON	9	IS30; IS5; IS6; IS91; ISL3; Tn3	2	9	opposite; same
GCF_008630175.1	NDM-1	VWQV01000025.1	216	1029	COMPOSITE_TRANSPOSON	2	IS30; IS91	0	2	same
GCF_008630195.1	NDM-1	VWQW01000014.1	39311	40124	COMPOSITE_TRANSPOSON	4	IS5; IS91; Tn3	0	4	opposite; same
GCF_008630215.1	NDM-1	VWRB01000035.1	40359	41172	COMPOSITE_TRANSPOSON	5	IS30; IS5; IS91; Tn3	0	5	opposite; same
GCF_008630225.1	NDM-1	VWQY01000031.1	5726	6539	COMPOSITE_TRANSPOSON	5	IS30; IS5; IS91; Tn3	0	5	same
GCF_008630255.1	NDM-1	VWRA01000048.1	40360	41173	COMPOSITE_TRANSPOSON	5	IS30; IS5; IS91; Tn3	0	5	opposite; same
GCF_008630305.1	NDM-1	VWRE01000027.1	286	1099	COMPOSITE_TRANSPOSON	2	IS30; IS91	0	2	same
GCF_008632735.1	NDM-1	VWQX01000044.1	6770	7583	COMPOSITE_TRANSPOSON	2	IS30; IS91	0	2	same
GCF_008632745.1	NDM-1	VWRF01000045.1	287	1100	COMPOSITE_TRANSPOSON	2	IS30; IS91	0	2	same
GCF_008632765.1	NDM-1	VWQU01000050.1	6770	7583	COMPOSITE_TRANSPOSON	2	IS30; IS91	0	2	same
GCF_008632785.1	NDM-1	VWQZ01000046.1	217	1030	COMPOSITE_TRANSPOSON	2	IS30; IS91	0	2	same
GCF_020292685.1	NDM-1	JAIXCR010000037.1	8805	9618	COMPOSITE_TRANSPOSON	2	IS30; IS91	0	2	opposite; same
GCF_020292865.1	NDM-1	JAIXCW010000032.1	8805	9618	COMPOSITE_TRANSPOSON	2	IS30; IS91	0	2	opposite; same
GCF_020294365.1	NDM-1	JAIXFI010000033.1	6848	7661	COMPOSITE_TRANSPOSON	4	IS30; IS5; IS91; Tn3	0	4	same
GCF_020294395.1	NDM-1	JAIXFJ010000032.1	6848	7661	COMPOSITE_TRANSPOSON	4	IS30; IS5; IS91; Tn3	0	4	same
GCF_020294425.1	NDM-1	JAIXFK010000038.1	6848	7661	COMPOSITE_TRANSPOSON	2	IS5; IS91	0	2	same
GCF_020294505.1	NDM-1	JAIXFM010000035.1	6848	7661	COMPOSITE_TRANSPOSON	4	IS30; IS5; IS91; Tn3	0	4	same
GCF_020294515.1	NDM-1	JAIXFN010000035.1	6848	7661	COMPOSITE_TRANSPOSON	4	IS30; IS5; IS91; Tn3	0	4	same
GCF_020294545.1	NDM-1	JAIXFQ010000033.1	6848	7661	COMPOSITE_TRANSPOSON	4	IS30; IS5; IS91; Tn3	0	4	same
GCF_020294705.1	NDM-1	JAIXFZ010000034.1	6848	7661	COMPOSITE_TRANSPOSON	4	IS30; IS5; IS91; Tn3	0	4	same
GCF_020294745.1	NDM-1	JAIXGB010000034.1	6848	7661	COMPOSITE_TRANSPOSON	4	IS30; IS5; IS91; Tn3	0	4	same
GCF_020294765.1	NDM-1	JAIXGA010000033.1	6848	7661	COMPOSITE_TRANSPOSON	4	IS30; IS5; IS91; Tn3	0	4	same
GCF_020294785.1	NDM-1	JAIXGC010000033.1	6848	7661	COMPOSITE_TRANSPOSON	4	IS30; IS5; IS91; Tn3	0	4	same
GCF_020294845.1	NDM-1	JAIXGF010000023.1	40508	41321	COMPOSITE_TRANSPOSON	5	IS30; IS5; IS91; Tn3	0	5	opposite; same
GCF_020294855.1	NDM-1	JAIXGG010000024.1	40508	41321	COMPOSITE_TRANSPOSON	5	IS30; IS5; IS91; Tn3	0	5	opposite; same
GCF_020294905.1	NDM-1	JAIXGI010000013.1	10438	11251	COMPOSITE_TRANSPOSON	6	IS110; IS30; IS5; IS91; Tn3	0	6	opposite; same
GCF_020297625.1	NDM-1	JAIXGS010000037.1	5404	6217	COMPOSITE_TRANSPOSON	4	IS30; IS5; IS91; Tn3	0	4	same
GCF_023273025.1	NDM-1	JALSEY010000017.1	42005	42818	COMPOSITE_TRANSPOSON	7	IS5; IS6; IS91; ISL3; Tn3	2	7	opposite; same
GCF_023273165.1	NDM-1	JALSFE010000033.1	6876	7689	COMPOSITE_TRANSPOSON	5	IS5; IS6; IS91; Tn3	1	5	opposite; same
GCF_030169265.1	NDM-1	CP104606.1	29680	30493	COMPOSITE_TRANSPOSON	14	IS3; IS30; IS6; IS91; Tn3	7	14	opposite; same
GCF_051776295.1	NDM-13	CP196483.1	50876	51689	COMPOSITE_TRANSPOSON	2	IS91; IS_unknown	0	2	opposite; same
GCA_013377395.1	NDM-5	CP040446.1	14347	15160	COMPOSITE_TRANSPOSON	6	IS30; IS5; IS6; ISL3; Tn3	1	6	opposite; same
GCA_014655455.2	NDM-5	CP071169.1	37626	38439	COMPOSITE_TRANSPOSON	5	IS5; IS6; ISL3; Tn3	1	5	opposite; same
GCF_002852945.3	NDM-5	CP028781.2	127001	127814	COMPOSITE_TRANSPOSON	32	IS1; IS200; IS3; IS30; IS5; IS6; ISL3; ISNCY; IS_unknown; Tn3	5	32	opposite; same
GCF_002853385.2	NDM-5	CP043586.1	8203	9016	COMPOSITE_TRANSPOSON	14	IS30; IS5; IS6; ISL3; Tn3	5	14	opposite; same
GCF_002853385.2	NDM-5	CP043586.1	13370	14183	COMPOSITE_TRANSPOSON	14	IS30; IS5; IS6; ISL3; Tn3	5	14	opposite; same
GCF_002853385.2	NDM-5	CP043586.1	18537	19350	COMPOSITE_TRANSPOSON	14	IS30; IS5; IS6; ISL3; Tn3	5	14	opposite; same
GCF_002853385.2	NDM-5	CP043586.1	23704	24517	COMPOSITE_TRANSPOSON	14	IS30; IS5; IS6; ISL3; Tn3	5	14	opposite; same
GCF_002853385.2	NDM-5	CP043586.1	28871	29684	COMPOSITE_TRANSPOSON	14	IS30; IS5; IS6; ISL3; Tn3	5	14	opposite; same
GCF_003036645.2	NDM-5	CP043591.1	11454	12267	COMPOSITE_TRANSPOSON	7	IS30; IS5; IS6; ISL3; Tn3	1	7	opposite; same
GCF_024516355.1	NDM-5	JAHMNA010000034.1	2564	3377	COMPOSITE_TRANSPOSON	3	IS30; IS5; IS6	1	3	opposite; same
GCF_030169555.1	NDM-5	CP104628.1	101380	102193	COMPOSITE_TRANSPOSON	34	IS1; IS110; IS256; IS3; IS30; IS4; IS5; IS6; IS91; ISKra4; IS_unknown; Tn3	13	34	opposite; same
GCF_003037615.2	NDM-6	CP029386.1	28774	29587	COMPOSITE_TRANSPOSON	8	IS30; IS5; IS6; IS91; ISL3; Tn3	2	8	opposite; same
GCF_023273105.1	NDM-9	JALSFC010000028.1	6875	7688	COMPOSITE_TRANSPOSON	5	IS30; IS5; IS91; Tn3	0	5	opposite; same
GCF_023273255.1	NDM-9	JALSFK010000019.1	42467	43280	COMPOSITE_TRANSPOSON	8	IS30; IS5; IS6; IS91; ISL3; Tn3	2	8	opposite; same
GCF_023272945.1	IMP-4	JALSEU010000039.1	2524	3265	NO_IS	0		0	0	
GCF_023272955.1	IMP-4	JALSET010000039.1	139	880	NO_IS	0		0	0	
GCF_023273135.1	IMP-4	JALSEZ010000039.1	139	880	NO_IS	0		0	0	
GCF_023273245.1	IMP-4	JALSFI010000095.1	792	1533	NO_IS	0		0	0	
GCF_023273305.1	IMP-4	JALSFL010000039.1	139	880	NO_IS	0		0	0	
GCF_020292925.1	NDM-5	JAIXDF010000047.1	2287	3100	NO_IS	0		0	0	
GCF_020293425.1	NDM-5	JAIXDR010000046.1	2287	3100	NO_IS	0		0	0	
GCF_020293985.1	NDM-5	JAIXEM010000049.1	2287	3100	NO_IS	0		0	0	
GCF_020294005.1	NDM-5	JAIXEP010000050.1	2287	3100	NO_IS	0		0	0	
GCF_008630085.1	NDM-1	VWQS01000080.1	283	1096	SINGLE_IS_DOWNSTREAM	1	IS30	0	0	same
GCF_020292695.1	NDM-1	JAIXCT010000041.1	583	1396	SINGLE_IS_DOWNSTREAM	1	IS30	0	0	same
GCF_020292705.1	NDM-1	JAIXCS010000030.1	6160	6973	SINGLE_IS_DOWNSTREAM	1	IS91	0	0	opposite
GCF_020294145.1	NDM-1	JAIXEW010000040.1	9294	10107	SINGLE_IS_DOWNSTREAM	1	IS91	0	0	opposite
GCF_020294225.1	NDM-1	JAIXFA010000042.1	9294	10107	SINGLE_IS_DOWNSTREAM	1	IS91	0	0	opposite
GCF_020294245.1	NDM-1	JAIXFB010000039.1	9294	10107	SINGLE_IS_DOWNSTREAM	1	IS91	0	0	opposite
GCF_020294265.1	NDM-1	JAIXFG010000020.1	38404	39217	SINGLE_IS_DOWNSTREAM	3	IS30; IS630; Tn3	0	0	opposite; same
GCF_020294445.1	NDM-1	JAIXFL010000038.1	9294	10107	SINGLE_IS_DOWNSTREAM	1	IS91	0	0	opposite
GCF_020294605.1	NDM-1	JAIXFS010000035.1	6848	7661	SINGLE_IS_DOWNSTREAM	1	IS91	0	0	same
GCF_020294805.1	NDM-1	JAIXGD010000052.1	6848	7661	SINGLE_IS_DOWNSTREAM	1	IS91	0	0	same
GCF_020295005.1	NDM-1	JAIXGO010000035.1	6160	6973	SINGLE_IS_DOWNSTREAM	1	IS91	0	0	opposite
GCF_020295025.1	NDM-1	JAIXGN010000032.1	6160	6973	SINGLE_IS_DOWNSTREAM	1	IS91	0	0	opposite
GCF_020295085.1	NDM-1	JAIXGT010000039.1	6848	7661	SINGLE_IS_DOWNSTREAM	1	IS91	0	0	same
GCF_020295105.1	NDM-1	JAIXGP010000033.1	6160	6973	SINGLE_IS_DOWNSTREAM	1	IS91	0	0	opposite
GCF_020297665.1	NDM-1	JAIXGV010000040.1	9294	10107	SINGLE_IS_DOWNSTREAM	1	IS91	0	0	opposite
GCF_017151605.1	NDM-5	JACGCD010000019.1	42869	43682	SINGLE_IS_DOWNSTREAM	6	IS30; IS5; IS6; ISL3; Tn3	1	0	opposite; same
GCF_020293505.1	NDM-5	JAIXDU010000034.1	4823	5636	SINGLE_IS_DOWNSTREAM	2	IS5; Tn3	0	0	opposite; same
GCF_020293525.1	NDM-5	JAIXDW010000039.1	4823	5636	SINGLE_IS_DOWNSTREAM	2	IS5; Tn3	0	0	opposite; same
GCF_020293875.1	NDM-5	JAIXEI010000038.1	4823	5636	SINGLE_IS_DOWNSTREAM	2	IS5; Tn3	0	0	opposite; same
GCF_020293925.1	NDM-5	JAIXEO010000033.1	4823	5636	SINGLE_IS_DOWNSTREAM	2	IS5; Tn3	0	0	opposite; same
GCF_020294615.1	NDM-5	JAIXFU010000038.1	3009	3822	SINGLE_IS_DOWNSTREAM	2	IS5; Tn3	0	0	opposite; same
GCF_024516535.1	NDM-5	JAHMNI010000044.1	4874	5687	SINGLE_IS_DOWNSTREAM	2	IS5; Tn3	0	0	opposite; same
GCF_024517245.1	NDM-5	JAHMOR010000045.1	4874	5687	SINGLE_IS_DOWNSTREAM	2	IS5; Tn3	0	0	opposite; same
GCF_024517305.1	NDM-5	JAHMOU010000040.1	4874	5687	SINGLE_IS_DOWNSTREAM	2	IS5; Tn3	0	0	opposite; same
GCA_052975235.1	KPC-2	CP167302.1	0	882	SINGLE_IS_UPSTREAM	25	IS1; IS110; IS1182; IS1380; IS481; IS5; IS6; IS_unknown; Tn3	10	0	opposite; same
GCA_052975805.1	KPC-2	CP167610.1	0	882	SINGLE_IS_UPSTREAM	51	IS1; IS110; IS1182; IS1380; IS21; IS3; IS481; IS5; IS6; IS66; IS91; IS_unknown; Tn3	13	0	opposite; same
GCA_023273045.1	NDM-1	JALSEV010000027.1	390	1203	SINGLE_IS_UPSTREAM	2	IS6; IS91	1	0	opposite; same
GCF_008630125.1	NDM-1	VWQR01000065.1	1921	2734	SINGLE_IS_UPSTREAM	1	IS30	0	0	same
GCF_020294825.1	NDM-1	JAIXGE010000052.1	363	1176	SINGLE_IS_UPSTREAM	1	IS91	0	0	same
GCF_020297705.1	NDM-1	JAIXGX010000030.1	361	1174	SINGLE_IS_UPSTREAM	1	IS91	0	0	same
GCF_023273245.1	NDM-1	JALSFI010000056.1	475	1288	SINGLE_IS_UPSTREAM	2	IS6; IS91	1	0	opposite; same
GCA_022649725.1	NDM-5	CP043604.1	826	1639	SINGLE_IS_UPSTREAM	6	IS30; IS5; IS6; ISL3; Tn3	1	0	opposite; same
GCF_020292815.1	NDM-5	JAIXCZ010000032.1	2287	3100	SINGLE_IS_UPSTREAM	4	IS30; IS5; Tn3	0	0	opposite; same
GCF_020293325.1	NDM-5	JAIXDN010000035.1	2287	3100	SINGLE_IS_UPSTREAM	4	IS30; IS5; Tn3	0	0	opposite; same
GCF_020293365.1	NDM-5	JAIXDO010000036.1	2287	3100	SINGLE_IS_UPSTREAM	4	IS30; IS5; Tn3	0	0	opposite; same
GCF_020293585.1	NDM-5	JAIXDX010000034.1	2287	3100	SINGLE_IS_UPSTREAM	3	IS5; Tn3	0	0	opposite; same
GCF_020293615.1	NDM-5	JAIXEA010000033.1	2287	3100	SINGLE_IS_UPSTREAM	4	IS30; IS5; Tn3	0	0	opposite; same
GCF_020294045.1	NDM-5	JAIXER010000032.1	2287	3100	SINGLE_IS_UPSTREAM	4	IS30; IS5; Tn3	0	0	opposite; same
